{
  "orientation": "Vertical",
  "nodeLayouts": {
    "inputs": {
      "x": 12,
      "y": 67,
      "index": -1
    },
    "outputs": {
      "x": 263.65905472900613,
      "y": 929.5775883812995,
      "index": -1
    },
    "data": {
      "x": 362,
      "y": 67,
      "height": 75,
      "index": 0
    },
    "get_candidates": {
      "x": 187,
      "y": 337,
      "height": 75,
      "index": 1
    },
    "get_json": {
      "x": 187,
      "y": 607,
      "height": 75,
      "index": 2
    }
  },
  "viewport": {
    "transformMatrix": [
      0.5068329860481728,
      0,
      0,
      0.5068329860481728,
      52.91800416742193,
      -3.7814614462387652
    ]
  }
}